"ISO3","cntry_atl","a_eoi","eoifamtype","d_permitcousmar","d_exogamy","d_nuclear","d_community","d_stem","d_polygamy","d_syminherit","d_asyminherit","d_movsyminherit","d_movasyminherit","d_patrinherit","d_matrinherit","d_bilatinherit","d_patrmovinherit","d_matrmovinherit","d_bilatmovinherit","d_patridescent","d_matridescent","d_bilatdescent","wyear","medyear","meanyear","community_eoi","stem_eoi","nuclear_eoi","polygamy_eoi","exogamous_eoi","symendog_eoi","asymendog_eoi","syminheritance_eoi","asyminheritance_eoi","indifinheritance_eoi","nuclear_hy","extended_hy","stem_hy","polygamy_hy","cousinmar_hy","syminherit_hy","asyminherit_hy","eoifamtype_hy","eoifamtype2_hy","monogamous_hy"
"AFG","Afghanistan","endocom",NA,1,0,0,1,0,0,0,1,1,0,1,0,0,1,0,0,1,0,0,1725.44429530201,1910,1517.45454545455,1,0,0,0,0,1,0,1,0,0,"not nucl.","ext.","not stem","not poly.","endo.","not sym.","asym.",NA,"endocom","poly."
"AGO","Angola","african","african",1,1,0,0,0,1,0,1,0,1,1,1,0,0,1,0,0,1,0,1922.42663300726,1930,1919.41176470588,0,0,0,1,1,0,0,0,0,0,"not nucl.","not ext.","not stem","poly.","endo.","not sym.","asym.",NA,"african","poly."
"ALB","Albania","exocom","endocom",1,0,0,1,0,0,1,0,1,0,1,0,0,1,0,0,0,0,0,1901.23456792401,1925,1925,1,0,0,0,1,0,0,1,0,0,"not nucl.","ext.","not stem","not poly.","exo.","sym.","not asym.","exocom","exocom","poly."
"ARE","United Arab Emirates","endocom","endocom",1,0,0,1,0,0,1,0,1,0,1,0,0,1,0,0,1,0,0,1950,1950,1950,1,0,0,0,0,1,0,1,0,0,"not nucl.","ext.","not stem","not poly.","endo.","sym.","not asym.","endocom","endocom","poly."
"ARG","Argentina","egalnucl","egalnucl",0,1,1,0,0,0,1,0,1,0,1,0,0,0,0,1,0,0,0,1481.821861115,1935,1830.17857142857,0,0,1,0,1,0,0,1,0,0,"nucl.","not ext.","not stem","not poly.","exo.","sym.","not asym.","egalnucl","egalnucl","mon."
"ARG","Argentina","egalnucl","egalnucl",0,1,1,0,0,0,1,0,1,0,1,0,0,0,0,1,0,0,0,1481.821861115,1935,1830.17857142857,0,0,1,0,1,0,0,1,0,0,"nucl.","not ext.","not stem","not poly.","exo.","sym.","not asym.","egalnucl","egalnucl","mon."
"ARM","Armenia","exocom","exocom",0,1,0,1,0,0,1,0,1,0,1,0,0,1,0,0,0,0,0,1904.84170045206,1910,1785.92307692308,1,0,0,0,1,0,0,1,0,0,"not nucl.","ext.","not stem","not poly.","exo.","sym.","not asym.","exocom","exocom","mon."
"ASM","Eastern Samoa",NA,NA,0,1,0,1,0,0,NA,NA,NA,NA,NA,NA,NA,NA,NA,NA,0,0,1,1920,1920,1920,NA,NA,NA,NA,NA,NA,NA,NA,NA,NA,"not nucl.","ext.","not stem","not poly.","exo.",NA,NA,NA,NA,"poly."
"AUS","Australia","absnucl","egalnucl",0,1,1,0,0,0,1,0,1,0,0,0,1,0,0,1,0,0,0,1788.97152740976,1940,1829.8,0,0,1,0,1,0,0,0,0,1,"nucl.","not ext.","not stem","not poly.","exo.","not sym.","not asym.","egalnucl","egalnucl","mon."
"AUT","Austria","author",NA,NA,NA,NA,NA,NA,NA,NA,NA,NA,NA,NA,NA,NA,NA,NA,NA,NA,NA,NA,1523.07683024415,1940,1260,0,1,0,0,1,0,0,0,1,0,"not nucl.","not ext.","stem","not poly.","exo.","not sym.","asym.","author","author","mon."
"AZE","Azerbaijan","exocom","exocom",0,1,0,1,0,0,1,0,1,0,1,0,0,1,0,0,1,0,0,1943.55414104953,1910,1785.92307692308,1,0,0,0,1,0,0,1,0,0,"not nucl.","ext.","not stem","not poly.","exo.","sym.","not asym.","exocom","exocom","poly."
"BDI","Burundi","african",NA,1,0,0,0,0,1,0,1,0,1,1,0,0,1,0,0,1,0,0,1910.05263690657,1910,1923.33333333333,0,0,0,1,1,0,0,0,0,0,"not nucl.","not ext.","not stem","poly.","endo.","not sym.","asym.",NA,"african","poly."
"BEL","Belgium","author","anomic",NA,NA,1,0,0,0,NA,NA,NA,NA,NA,NA,NA,NA,NA,NA,0,0,0,1950.14652013037,1950,1947.5,0,1,0,0,1,0,0,0,1,0,"not nucl.","not ext.","stem","not poly.","exo.","not sym.","asym.","author","author","mon."
"BEN","Benin","african","african",0,1,0,0,0,1,0,1,0,1,1,0,0,1,0,0,1,0,0,1906.13356960904,1940,1927.77777777778,0,0,0,1,1,0,0,0,0,0,"not nucl.","not ext.","not stem","poly.","exo.","not sym.","asym.","african","african","poly."
"BFA","Burkina Faso","african","african",0,1,0,0,0,1,0,1,0,1,1,0,0,1,0,0,1,0,0,1907.42132505176,1910,1918.82352941176,0,0,0,1,1,0,0,0,0,0,"not nucl.","not ext.","not stem","poly.","exo.","not sym.","asym.","african","african","poly."
"BGD","Pakistan","endocom","exocom",0,1,0,1,0,0,1,0,1,0,1,0,0,1,0,0,0,0,0,1943.50978135788,1945,1933.33333333333,1,0,0,0,0,1,0,1,0,0,"not nucl.","ext.","not stem","not poly.","endo.","sym.","not asym.","endocom","endocom","poly."
"BGR","Bulgaria","exocom","exocom",0,1,0,1,0,0,1,0,1,0,1,0,0,1,0,0,0,0,0,1938.29502695144,1945,1482.5,1,0,0,0,1,0,0,1,0,0,"not nucl.","ext.","not stem","not poly.","exo.","sym.","not asym.","exocom","exocom","mon."
"BHR","Bahrain Islands","endocom",NA,1,0,0,1,0,0,NA,NA,NA,NA,NA,NA,NA,NA,NA,NA,1,0,0,1942.5,1935,1935,1,0,0,0,0,1,0,1,0,0,"not nucl.","ext.","not stem","not poly.","endo.","sym.","not asym.","endocom","endocom","poly."
"BIH","Yugoslavia","exocom",NA,NA,NA,0,1,0,0,NA,NA,NA,NA,NA,NA,NA,NA,NA,NA,1,0,0,1947.40321474703,1940,1667.5,1,0,0,0,1,0,0,1,0,0,"not nucl.","ext.","not stem","not poly.","exo.","sym.","not asym.","exocom","exocom","mon."
"BLR","Belorussia","exocom",NA,0,1,0,0,1,0,1,0,1,0,1,0,0,1,0,0,0,0,0,1914.21774217718,1920,1745.7,1,0,0,0,1,0,0,1,0,0,"not nucl.","ext.","not stem","not poly.","exo.","sym.","not asym.","exocom","exocom","mon."
"BLZ","British Honduras","egalnucl/anomic","egalnucl",0,1,1,0,0,0,1,0,1,0,1,0,0,1,0,0,1,0,0,1636.66666702833,1730,1730,0,0,1,0,NA,NA,NA,NA,NA,NA,"nucl.","not ext.","not stem","not poly.","exo.","sym.","not asym.","egalnucl","egalnucl","mon."
"BOL","Bolivia","egalnucl/anomic","exocom",0,1,0,1,0,0,1,0,1,0,1,0,0,1,0,0,1,0,0,1939.17512806037,1930,1921.25,0,0,1,0,NA,NA,NA,NA,NA,NA,"nucl.","not ext.","not stem","not poly.","exo.","sym.","not asym.","egalnucl","egalnucl","mon."
"BRA","Brazil","egalnucl","egalnucl",0,1,1,0,0,0,1,0,1,0,0,0,1,0,0,1,0,0,0,1935.12122512272,1935,1848.69444444444,0,0,1,0,1,0,0,1,0,0,"nucl.","not ext.","not stem","not poly.","exo.","sym.","not asym.","egalnucl","egalnucl","mon."
"BRN","Brunei","anomic","exocom",0,1,0,1,0,0,1,0,1,0,1,0,0,0,0,1,0,0,0,1933.75,1930,1931.66666666667,NA,NA,NA,NA,NA,NA,NA,NA,NA,NA,"not nucl.","ext.","not stem","not poly.","exo.","sym.","not asym.","exocom","exocom","poly."
"BTN","Bhutan","anomic","author",0,1,0,0,1,0,0,1,0,1,1,0,0,1,0,0,1,0,0,1920.54003724395,1930,1930,NA,NA,NA,NA,NA,NA,NA,NA,NA,NA,"not nucl.","not ext.","stem","not poly.","exo.","not sym.","asym.","author","author","poly."
"BWA","Botswana","african",NA,1,0,0,0,0,1,0,1,0,1,1,0,0,1,0,0,0,0,1,1888.72475415036,1880,1887.77777777778,0,0,0,1,1,0,0,0,0,0,"not nucl.","not ext.","not stem","poly.","endo.","not sym.","asym.",NA,"african","poly."
"CAF","Central African Republic","african","african",0,1,0,0,0,1,0,1,1,1,1,0,0,1,0,0,1,0,0,1916.60901178804,1920,1918,0,0,0,1,1,0,0,0,0,0,"not nucl.","not ext.","not stem","poly.","exo.","not sym.","asym.","african","african","poly."
"CAN","Canada","absnucl","absnucl",0,1,1,0,0,0,0,1,1,0,1,0,0,1,0,1,0,0,0,1848.46645142213,1920,1834.11111111111,0,0,1,0,1,0,0,0,0,1,"nucl.","not ext.","not stem","not poly.","exo.","not sym.","not asym.","egalnucl","egalnucl","mon."
"CCK","Cocos (Keeling) Islands",NA,"egalnucl",0,1,1,0,0,0,1,0,1,0,0,0,1,0,0,1,0,0,0,1920,1920,1920,NA,NA,NA,NA,NA,NA,NA,NA,NA,NA,"nucl.","not ext.","not stem","not poly.","exo.","sym.","not asym.","egalnucl","egalnucl","mon."
"CHE","Switzerland","author","egalnucl",0,1,1,0,0,0,1,0,1,0,1,0,0,0,0,1,0,0,0,1705.36583630138,1465,1022.5,0,1,0,0,1,0,0,0,1,0,"not nucl.","not ext.","stem","not poly.","exo.","not sym.","asym.","author","author","mon."
"CHL","Chile","egalnucl","endocom",1,0,0,1,0,0,1,0,1,0,1,0,0,1,0,0,1,0,0,1640.77764379383,1930,1651,0,0,1,0,1,0,0,1,0,0,"nucl.","not ext.","not stem","not poly.","exo.","sym.","not asym.","egalnucl","egalnucl","poly."
"CHN","Prc","exocom","exocom",0,1,0,1,0,0,1,0,1,0,1,0,0,1,0,0,1,0,0,1930.95652173913,1930,1835.38888888889,1,0,0,0,1,0,0,1,0,0,"not nucl.","ext.","not stem","not poly.","exo.","sym.","not asym.","exocom","exocom","poly."
"CIV","Cote d'Ivoire","african",NA,0,1,0,1,0,0,0,1,0,1,1,0,0,1,0,0,1,0,0,1915.41146881288,1910,1912.22222222222,0,0,0,1,1,0,0,0,0,0,"not nucl.","ext.","not stem","not poly.","exo.","not sym.","asym.",NA,NA,"poly."
"CMR","Cameroon","african","african",0,1,0,1,0,1,0,1,0,1,1,0,0,1,0,0,1,0,0,1916.03354212972,1920,1917.87878787879,0,0,0,1,1,0,0,0,0,0,"not nucl.","ext.","not stem","poly.","exo.","not sym.","asym.","african","african","poly."
"COD","Congo (Capital: Leopoldville)","african","african",0,1,0,0,0,1,0,1,0,1,1,0,0,1,0,0,1,0,0,1914.4194833044,1920,1916.51162790698,0,0,0,1,1,0,0,0,0,0,"not nucl.","not ext.","not stem","poly.","exo.","not sym.","asym.","african","african","poly."
"COG","Congo (Capital: Brazzaville)","african","absnucl",0,1,1,0,0,0,0,1,0,1,0,1,0,0,1,0,0,1,0,1897.15341518655,1890,1897.5,0,0,0,1,1,0,0,0,0,0,"nucl.","not ext.","not stem","not poly.","exo.","not sym.","asym.","absnucl","absnucl","poly."
"COK","Cook Islands",NA,"exocom",0,1,0,1,0,0,1,0,1,0,0,0,1,0,0,1,0,0,1,1889.06883571114,1875,1872.5,NA,NA,NA,NA,NA,NA,NA,NA,NA,NA,"not nucl.","ext.","not stem","not poly.","exo.","sym.","not asym.","exocom","exocom","poly."
"COL","Colombia","egalnucl/anomic",NA,NA,NA,NA,NA,NA,NA,NA,NA,NA,NA,NA,NA,NA,NA,NA,NA,NA,NA,NA,1677.79833470423,1940,1553.75,0,0,1,0,NA,NA,NA,NA,NA,NA,"nucl.","not ext.","not stem","not poly.",NA,NA,NA,"anomic","anomic","poly."
"COM","Comoros",NA,"anomic",1,0,1,0,0,0,1,0,1,0,0,0,1,0,0,1,1,0,0,1949.15809167446,1925,1925,NA,NA,NA,NA,NA,NA,NA,NA,NA,NA,"nucl.","not ext.","not stem","not poly.","endo.","sym.","not asym.","anomic","anomic","mon."
"CPV","Cape Verde",NA,"author",0,1,0,0,1,0,0,1,1,1,1,0,0,1,0,0,0,0,0,1944.35870479394,1930,1936.66666666667,NA,NA,NA,NA,NA,NA,NA,NA,NA,NA,"not nucl.","not ext.","stem","not poly.","exo.","not sym.","asym.","author","author","mon."
"CRI","Costa-Rica","egalnucl/anomic",NA,NA,NA,NA,NA,NA,NA,NA,NA,NA,NA,NA,NA,NA,NA,NA,NA,NA,NA,NA,1950,1950,1950,0,0,1,0,NA,NA,NA,NA,NA,NA,"nucl.","not ext.","not stem","not poly.",NA,NA,NA,"anomic","anomic","mon."
"CUB","Cuba","exocom",NA,NA,NA,NA,NA,NA,NA,NA,NA,NA,NA,NA,NA,NA,NA,NA,NA,NA,NA,NA,1611.17650877971,1925,1475,1,0,0,0,1,0,0,1,0,0,"not nucl.","ext.","not stem","not poly.","exo.","sym.","not asym.","exocom","exocom","poly."
"CYP","Cyprus",NA,"egalnucl",0,1,1,0,0,0,1,0,1,0,0,0,1,0,0,1,0,0,0,1949.04347825894,1950,1934,NA,NA,NA,NA,NA,NA,NA,NA,NA,NA,"nucl.","not ext.","not stem","not poly.","exo.","sym.","not asym.","egalnucl","egalnucl","mon."
"CZE","Czechoslovakia","author",NA,0,1,0,0,1,0,1,0,1,0,1,0,0,1,0,0,0,0,0,1934.77999663925,1940,1393,0,1,0,0,1,0,0,0,1,0,"not nucl.","not ext.","stem","not poly.","exo.","not sym.","asym.","author","author","mon."
"DEU","West Germany","author",NA,NA,NA,NA,NA,NA,NA,NA,NA,NA,NA,NA,NA,NA,NA,NA,NA,NA,NA,NA,1776.28192337199,1940,1637.77777777778,0,1,0,0,1,0,0,0,1,0,"not nucl.","not ext.","stem","not poly.","exo.","not sym.","asym.","author","author","mon."
"DJI","Djibouti","egalnucl","exocom",0,1,0,1,0,0,1,0,1,0,1,0,0,1,0,0,1,0,0,1918.49484302391,1950,1926.66666666667,0,0,1,0,1,0,0,1,0,0,"not nucl.","ext.","not stem","not poly.","exo.","sym.","not asym.","exocom","exocom","poly."
"DOM","Dominican Republic",NA,NA,NA,NA,NA,NA,NA,NA,NA,NA,NA,NA,NA,NA,NA,NA,NA,NA,NA,NA,NA,1930,1930,1930,NA,NA,NA,NA,NA,NA,NA,NA,NA,NA,NA,NA,NA,NA,NA,NA,NA,NA,NA,"poly."
"DZA","Algeria","endocom","endocom",1,0,0,1,0,0,1,0,1,0,1,0,0,1,0,0,1,0,0,1874.94739223894,1920,1912.22222222222,1,0,0,0,0,1,0,1,0,0,"not nucl.","ext.","not stem","not poly.","endo.","sym.","not asym.","endocom","endocom","poly."
"ECU","Ecuador","egalnucl/anomic",NA,NA,NA,NA,NA,NA,NA,NA,NA,NA,NA,NA,NA,NA,NA,NA,NA,NA,NA,NA,1955,1955,1955,0,0,1,0,NA,NA,NA,NA,NA,NA,"nucl.","not ext.","not stem","not poly.",NA,NA,NA,"anomic","anomic","mon."
"EGY","Egypt","endocom","endocom",1,0,0,1,0,0,1,0,1,0,1,0,0,1,0,0,1,0,0,1949.68484848485,1925,1932.5,1,0,0,0,0,1,0,1,0,0,"not nucl.","ext.","not stem","not poly.","endo.","sym.","not asym.","endocom","endocom","poly."
"ESH","Spanish Sahara","endocom","endocom",1,0,0,1,0,0,1,0,1,0,1,0,0,1,0,0,1,0,0,1948.32826086957,1940,1940,1,0,0,0,0,1,0,1,0,0,"not nucl.","ext.","not stem","not poly.","endo.","sym.","not asym.","endocom","endocom","poly."
"ESP","Spain","egalnucl","egalnucl",0,1,1,0,0,0,1,0,1,0,0,0,1,0,0,1,0,0,0,1949.50391643905,1942,1941,0,NA,NA,0,1,0,0,NA,NA,NA,"nucl.","not ext.","not stem","not poly.","exo.","sym.","not asym.","egalnucl","egalnucl","mon."
"EST","Estonia","exocom","anomic",NA,NA,1,0,0,0,0,0,NA,NA,0,0,0,NA,NA,NA,0,0,0,1947.97350758933,1910,1794.78571428571,1,0,0,0,1,0,0,1,0,0,"not nucl.","ext.","not stem","not poly.","exo.","sym.","not asym.","exocom","exocom","mon."
"ETH","Ethiopia","egalnucl","exocom",0,1,0,1,0,0,1,0,1,0,1,0,0,1,0,0,0,0,0,1935.96262626263,1920,1912,0,0,1,0,1,0,0,1,0,0,"nucl.","not ext.","not stem","not poly.","exo.","sym.","not asym.","egalnucl","egalnucl","mon."
"FIN","Finland","exocom",NA,NA,NA,NA,NA,NA,NA,NA,NA,NA,NA,NA,NA,NA,NA,NA,NA,NA,NA,NA,1953.12499895305,1952.5,1952.5,1,0,0,0,1,0,0,1,0,0,"not nucl.","ext.","not stem","not poly.","exo.","sym.","not asym.","exocom","exocom","mon."
"FJI","Fiji",NA,"egalnucl",1,1,1,0,0,0,1,0,1,0,1,0,0,1,0,0,1,0,0,1861.19402982876,1920,1901.81818181818,NA,NA,NA,NA,NA,NA,NA,NA,NA,NA,"nucl.","not ext.","not stem","not poly.","endo.","sym.","not asym.","anomic","anomic","poly."
"FRA","France","egalnucl","absnucl",0,1,1,0,0,0,0,1,1,0,1,0,0,0,0,1,0,0,0,1907.72424090784,1940,1775,0,0,1,0,1,0,0,1,0,0,"nucl.","not ext.","not stem","not poly.","exo.","sym.","not asym.","egalnucl","egalnucl","mon."
"GAB","Gabon","african","exocom",0,1,0,1,0,0,0,0,0,1,1,0,0,1,0,0,1,0,0,1919.22723475355,1905,1905,0,0,0,1,1,0,0,0,0,0,"not nucl.","ext.","not stem","not poly.","exo.","not sym.","not asym.","exocom","exocom","poly."
"GBR","Great Britain",NA,"egalnucl",0,1,1,0,0,0,1,0,1,0,0,0,1,0,0,1,0,0,0,1894.05515521955,1930,1720.38461538462,0,NA,NA,0,1,0,0,0,NA,NA,"nucl.","not ext.","not stem","not poly.","exo.","not sym.","not asym.","egalnucl","egalnucl","mon."
"GEO","Georgia","exocom","exocom",0,1,0,1,0,0,1,0,1,0,1,0,0,1,0,0,0,0,0,1873.02435200298,1910,1794.78571428571,1,0,0,0,1,0,0,1,0,0,"not nucl.","ext.","not stem","not poly.","exo.","sym.","not asym.","exocom","exocom","mon."
"GHA","Ghana","african",NA,1,1,0,1,0,0,0,1,0,1,1,1,0,0,1,0,0,0,1,1914.23604849214,1910,1916.25,0,0,0,1,1,0,0,0,0,0,"not nucl.","ext.","not stem","not poly.","endo.","not sym.","asym.",NA,"endocom","poly."
"GIN","Guinea","african",NA,1,0,0,1,0,1,0,1,1,1,1,0,0,1,0,0,1,0,0,1913.43987053707,1920,1922.94117647059,0,0,0,1,1,0,0,0,0,0,"not nucl.","ext.","not stem","poly.","endo.","not sym.","asym.",NA,"endocom","poly."
"GMB","Gambia","african",NA,0,1,0,1,0,0,0,1,1,1,1,0,0,1,0,0,1,0,0,1930.88879483653,1930,1927.14285714286,0,0,0,1,1,0,0,0,0,0,"not nucl.","ext.","not stem","not poly.","exo.","not sym.","asym.",NA,NA,"poly."
"GNB","Guinea Bissau","african",NA,0,1,0,1,0,0,0,1,0,1,1,0,0,1,0,0,1,0,0,1919.90158691106,1930,1922,0,0,0,1,1,0,0,0,0,0,"not nucl.","ext.","not stem","not poly.","exo.","not sym.","asym.",NA,NA,"poly."
"GNQ","Equatorial Guinea","african","exocom",0,1,0,1,0,0,0,0,0,1,0,0,0,1,0,0,1,0,0,1914.5445725989,1920,1918,0,0,0,1,1,0,0,0,0,0,"not nucl.","ext.","not stem","not poly.","exo.","not sym.","not asym.","exocom","exocom","poly."
"GRC","Greece","egalnucl","egalnucl",0,1,1,0,0,0,1,0,1,0,0,0,1,0,0,1,0,0,0,1947.27841122134,1920,1473.33333333333,0,0,1,0,1,0,0,1,0,0,"nucl.","not ext.","not stem","not poly.","exo.","sym.","not asym.","egalnucl","egalnucl","mon."
"GRL","Greenland",NA,"anomic",NA,NA,1,0,0,0,NA,NA,0,1,NA,NA,NA,1,0,0,0,0,0,1910,1910,1910,NA,NA,NA,NA,NA,NA,NA,NA,NA,NA,"nucl.","not ext.","not stem","not poly.",NA,NA,NA,"anomic","anomic","mon."
"GTM","Guatemala","egalnucl/anomic","egalnucl",0,1,1,0,0,0,1,0,1,0,1,0,0,1,0,0,1,0,0,1916.31799163506,1930,1923.33333333333,0,0,1,0,NA,NA,NA,NA,NA,NA,"nucl.","not ext.","not stem","not poly.","exo.","sym.","not asym.","egalnucl","egalnucl","mon."
"GUF","French Guiana",NA,"absnucl",0,1,1,0,0,0,0,1,NA,NA,1,0,0,NA,NA,NA,0,0,0,1920,1910,1910,NA,NA,NA,NA,NA,NA,NA,NA,NA,NA,"nucl.","not ext.","not stem","not poly.","exo.","not sym.","asym.","absnucl","absnucl","mon."
"GUM","Guam",NA,"egalnucl",0,1,1,0,0,0,1,0,1,0,0,0,1,0,0,1,0,0,0,1938.10344827344,1935,1935,NA,NA,NA,NA,NA,NA,NA,NA,NA,NA,"nucl.","not ext.","not stem","not poly.","exo.","sym.","not asym.","egalnucl","egalnucl","mon."
"GUY","British Guiana",NA,NA,NA,NA,NA,NA,NA,NA,NA,NA,NA,NA,NA,NA,NA,NA,NA,NA,NA,NA,NA,1940.36363599436,1935,1930,NA,NA,NA,NA,NA,NA,NA,NA,NA,NA,NA,NA,NA,NA,NA,NA,NA,NA,NA,"poly."
"HKG","Hong Kong","exocom",NA,0,1,0,1,0,0,NA,NA,NA,NA,NA,NA,NA,NA,NA,NA,1,0,0,1939.90981963928,1940,1936.66666666667,1,0,0,0,1,0,0,1,0,0,"not nucl.","ext.","not stem","not poly.","exo.","sym.","not asym.","exocom","exocom","poly."
"HND","Honduras","egalnucl/anomic",NA,NA,NA,0,0,0,1,NA,NA,NA,NA,NA,NA,NA,NA,NA,NA,0,0,0,1940.51384902255,1935,1934.5,0,0,1,0,NA,NA,NA,NA,NA,NA,"nucl.","not ext.","not stem","not poly.",NA,NA,NA,"anomic","anomic","poly."
"HRV","Yugoslavia","exocom",NA,NA,NA,0,1,0,0,NA,NA,NA,NA,NA,NA,NA,NA,NA,NA,1,0,0,1947.40321474703,1940,1667.5,1,0,0,0,1,0,0,1,0,0,"not nucl.","ext.","not stem","not poly.","exo.","sym.","not asym.","exocom","exocom","mon."
"HTI","Haiti",NA,"egalnucl",0,1,1,0,0,0,1,0,1,0,0,0,1,0,0,1,0,0,0,1930,1930,1930,NA,NA,NA,NA,NA,NA,NA,NA,NA,NA,"nucl.","not ext.","not stem","not poly.","exo.","sym.","not asym.","egalnucl","egalnucl","poly."
"HUN","Hungary","exocom",NA,0,1,0,1,0,0,NA,NA,NA,NA,NA,NA,NA,NA,NA,NA,0,0,0,1910.77783777329,1925,1250,1,0,0,0,1,0,0,1,0,0,"not nucl.","ext.","not stem","not poly.","exo.","sym.","not asym.","exocom","exocom","mon."
"IDN","Indonesia","anomic","absnucl",0,1,1,0,0,0,0,1,1,0,0,0,1,0,0,1,0,0,0,1944.78234398782,1930,1929.42424242424,NA,NA,NA,NA,NA,NA,NA,NA,NA,NA,"nucl.","not ext.","not stem","not poly.","exo.","sym.","not asym.","egalnucl","egalnucl","poly."
"IND","India","exocom","exocom",1,1,0,1,0,0,1,0,1,0,1,0,0,1,0,0,1,0,0,1916.56964656965,1930,1871.92307692308,1,0,0,0,NA,NA,NA,NA,NA,NA,"not nucl.","ext.","not stem","not poly.","endo.","sym.","not asym.","endocom","endocom","poly."
"IRL","Ireland","author","author",0,1,0,0,1,0,0,1,0,1,1,0,0,1,0,0,0,0,0,1924.97316619126,1920,1016.66666666667,0,1,0,0,1,0,0,0,1,0,"not nucl.","not ext.","stem","not poly.","exo.","not sym.","asym.","author","author","mon."
"IRN","Iran","endocom","endocom",1,0,0,1,0,0,1,0,NA,NA,1,0,0,NA,NA,NA,1,0,0,1927.8726826186,1930,1676.36363636364,1,0,0,0,0,1,0,1,0,0,"not nucl.","ext.","not stem","not poly.","endo.","sym.","not asym.","endocom","endocom","poly."
"IRQ","Iraq","endocom","endocom",1,0,0,1,0,0,1,0,NA,NA,1,0,0,NA,NA,NA,1,0,0,1945.62543513622,1930,1705,1,0,0,0,0,1,0,1,0,0,"not nucl.","ext.","not stem","not poly.","endo.","sym.","not asym.","endocom","endocom","poly."
"ISL","Iceland",NA,NA,NA,NA,0,1,0,0,1,0,1,0,1,0,0,1,0,0,0,0,0,1100,1100,1100,NA,NA,NA,NA,NA,NA,NA,NA,NA,NA,"not nucl.","ext.","not stem","not poly.",NA,"sym.","not asym.",NA,NA,"mon."
"ISR","Israel","author",NA,1,0,0,1,0,0,0,1,0,1,1,0,0,1,0,0,1,0,0,-798.608965069278,550,550,0,1,0,0,1,0,0,0,1,0,"not nucl.","not ext.","stem","not poly.","exo.","not sym.","asym.","author","author","poly."
"ITA","Italy","egalnucl","egalnucl",0,1,1,0,0,0,1,0,1,0,1,0,0,0,0,1,0,0,0,1951.31241089855,1915,1323.33333333333,NA,0,NA,0,1,0,0,NA,0,0,"nucl.","not ext.","not stem","not poly.","exo.","sym.","not asym.","egalnucl","egalnucl","mon."
"JAM","Jamaica",NA,NA,NA,NA,NA,NA,NA,NA,NA,NA,NA,NA,NA,NA,NA,NA,NA,NA,NA,NA,NA,1920,1920,1920,NA,NA,NA,NA,NA,NA,NA,NA,NA,NA,NA,NA,NA,NA,NA,NA,NA,NA,NA,"poly."
"JOR","Jordan","endocom","anomic",1,0,1,0,0,0,1,0,1,0,1,0,0,1,0,0,1,0,0,1949.14103256056,1940,1931.42857142857,1,0,0,0,0,1,0,1,0,0,"not nucl.","ext.","not stem","not poly.","endo.","sym.","not asym.","endocom","endocom","poly."
"JPN","Japan","author","author",0,1,0,0,1,0,0,1,0,1,1,0,0,1,0,0,0,0,0,1949.98998998999,1940,1932,0,1,0,0,1,0,0,0,1,0,"not nucl.","not ext.","stem","not poly.","exo.","not sym.","asym.","author","author","mon."
"KAZ","Kazakhstan","exocom","egalnucl",0,1,1,0,0,0,0,0,0,1,0,0,0,1,0,0,0,0,0,1904.91773876955,1910,1794.78571428571,1,0,0,0,1,0,0,1,0,0,"not nucl.","ext.","not stem","not poly.","exo.","sym.","not asym.","exocom","exocom","mon."
"KEN","Kenya","african","african",0,1,0,0,0,1,1,1,1,1,1,0,0,1,0,0,1,0,0,1927.92699228792,1930,1924.78260869565,0,0,0,1,1,0,0,0,0,0,"not nucl.","not ext.","not stem","poly.","exo.","sym.","asym.","african","african","poly."
"KGZ","Kirghistan","exocom","exocom",0,1,0,1,0,0,0,0,0,1,0,0,0,1,0,0,1,0,0,1724.99895498933,1910,1794.78571428571,1,0,0,0,1,0,0,1,0,0,"not nucl.","ext.","not stem","not poly.","exo.","not sym.","not asym.","exocom","exocom","mon."
"KHM","Cambodia","anomic","anomic",0,1,1,0,0,0,NA,NA,NA,NA,NA,NA,NA,NA,NA,NA,0,0,0,1347.90021231423,1940,1851.71428571429,NA,NA,NA,NA,NA,NA,NA,NA,NA,NA,"nucl.","not ext.","not stem","not poly.","exo.",NA,NA,"anomic","anomic","poly."
"KOR","Korea","author","author",0,1,0,0,1,0,0,1,0,1,1,0,0,1,0,0,1,0,0,1949.98998998999,1945,1945,0,1,0,0,1,0,0,0,1,0,"not nucl.","not ext.","stem","not poly.","exo.","not sym.","asym.","author","author","mon."
"KWT","Kuwait","endocom","anomic",1,0,1,0,0,0,1,0,1,0,1,0,0,1,0,0,1,0,0,1948.72183469879,1950,1942.5,1,0,0,0,0,1,0,1,0,0,"not nucl.","ext.","not stem","not poly.","endo.","sym.","not asym.","endocom","endocom","poly."
"LAO","Laos","anomic","egalnucl",0,1,1,0,0,0,1,0,1,0,0,0,1,1,0,1,0,0,0,1925.87878787879,1940,1833.66666666667,NA,NA,NA,NA,NA,NA,NA,NA,NA,NA,"nucl.","not ext.","not stem","not poly.","exo.","sym.","not asym.","egalnucl","egalnucl","poly."
"LBN","Lebanon","endocom","egalnucl",0,1,1,0,0,0,1,0,1,0,1,0,0,1,0,0,1,0,0,1934.65645091664,1950,1598.75,1,0,0,0,0,1,0,1,0,0,"not nucl.","ext.","not stem","not poly.","endo.","sym.","not asym.","endocom","endocom","mon."
"LBR","Liberia","african","african",0,1,0,0,0,1,0,1,0,1,1,0,0,1,0,0,1,0,0,1915.80089213301,1920,1920.90909090909,0,0,0,1,1,0,0,0,0,0,"not nucl.","not ext.","not stem","poly.","exo.","not sym.","asym.","african","african","poly."
"LBY","Libya","endocom","exocom",0,1,0,1,0,0,1,0,1,0,1,0,0,1,0,0,1,0,0,1921.16822429907,1920,1930,1,0,0,0,0,1,0,1,0,0,"not nucl.","ext.","not stem","not poly.","exo.","sym.","not asym.","exocom","exocom","poly."
"LKA","Ceylon","anomic","anomic",1,0,1,0,0,0,1,0,1,0,0,0,1,0,0,1,0,0,1,1932.26152197213,1940,1924,NA,NA,NA,NA,NA,NA,NA,NA,NA,NA,"nucl.","not ext.","not stem","not poly.","endo.","sym.","not asym.","anomic","anomic","mon."
"LSO","Lesotho","african",NA,1,0,0,0,0,1,0,0,0,1,0,0,0,1,0,0,1,0,0,1856.71550671551,1845,1845,0,0,0,1,1,0,0,0,0,0,"not nucl.","not ext.","not stem","poly.","endo.","not sym.","not asym.",NA,"african","poly."
"LTU","Lithuania","exocom","exocom",0,1,0,1,0,0,1,0,1,0,1,0,0,1,0,0,0,0,0,1931.7191332639,1920,1745.7,1,0,0,0,1,0,0,1,0,0,"not nucl.","ext.","not stem","not poly.","exo.","sym.","not asym.","exocom","exocom","mon."
"LVA","Latvia","exocom","exocom",0,1,0,1,0,0,1,0,1,0,1,0,0,1,0,0,0,0,0,1935.70066900106,1920,1745.7,1,0,0,0,1,0,0,1,0,0,"not nucl.","ext.","not stem","not poly.","exo.","sym.","not asym.","exocom","exocom","mon."
"MAC","Macau","exocom",NA,0,1,0,1,0,0,NA,NA,NA,NA,NA,NA,NA,NA,NA,NA,1,0,0,1940.30706243603,1945,1945,1,0,0,0,1,0,0,1,0,0,"not nucl.","ext.","not stem","not poly.","exo.","sym.","not asym.","exocom","exocom","poly."
"MAR","Morocco","endocom","anomic",1,0,1,0,0,0,1,0,1,0,1,0,0,1,0,0,1,0,0,1925.51615939755,1920,1921.66666666667,1,0,0,0,0,1,0,1,0,0,"not nucl.","ext.","not stem","not poly.","endo.","sym.","not asym.","endocom","endocom","poly."
"MCO","Monaco","exocom","absnucl",0,1,1,0,0,0,0,1,1,0,1,0,0,0,0,1,0,0,0,1941.9999999928,1945,1945,1,0,0,0,1,0,0,1,0,0,"not nucl.","ext.","not stem","not poly.","exo.","sym.","not asym.","exocom","exocom","mon."
"MDA","Moldova","exocom","absnucl",0,1,1,0,0,0,0,1,1,0,1,0,0,1,0,0,0,0,0,1918.01387632762,1920,1745.7,1,0,0,0,1,0,0,1,0,0,"not nucl.","ext.","not stem","not poly.","exo.","sym.","not asym.","exocom","exocom","mon."
"MDG","Malagasy Republic","anomic","egalnucl",0,1,1,0,0,0,1,0,1,0,0,0,1,0,0,1,0,0,1,1903.49116680362,1915,1921.66666666667,NA,NA,NA,NA,NA,NA,NA,NA,NA,NA,"nucl.","not ext.","not stem","not poly.","exo.","sym.","not asym.","egalnucl","egalnucl","poly."
"MEX","Mexico","egalnucl/anomic","anomic",0,1,1,0,0,0,NA,NA,NA,NA,NA,NA,NA,NA,NA,NA,0,0,0,1656.50060487559,1920,1780.28571428571,0,0,1,0,NA,NA,NA,NA,NA,NA,"nucl.","not ext.","not stem","not poly.","exo.",NA,NA,"anomic","anomic","mon."
"MKD","Yugoslavia","exocom",NA,NA,NA,0,1,0,0,NA,NA,NA,NA,NA,NA,NA,NA,NA,NA,1,0,0,1947.40321474703,1940,1667.5,1,0,0,0,1,0,0,1,0,0,"not nucl.","ext.","not stem","not poly.","exo.","sym.","not asym.","exocom","exocom","mon."
"MLI","Mali","african",NA,1,1,0,1,0,0,0,1,0,1,1,0,0,1,0,0,1,0,0,1917.90701435213,1915,1917.125,0,0,0,1,1,0,0,0,0,0,"not nucl.","ext.","not stem","not poly.","endo.","not sym.","asym.",NA,"endocom","poly."
"MLI","Mali","african",NA,1,1,0,1,0,0,0,1,0,1,1,0,0,1,0,0,1,0,0,1917.90701435213,1915,1917.125,0,0,0,1,1,0,0,0,0,0,"not nucl.","ext.","not stem","not poly.","endo.","not sym.","asym.",NA,"endocom","poly."
"MLI","Mali","african",NA,1,1,0,1,0,0,0,1,0,1,1,0,0,1,0,0,1,0,0,1917.90701435213,1915,1917.125,0,0,0,1,1,0,0,0,0,0,"not nucl.","ext.","not stem","not poly.","endo.","not sym.","asym.",NA,"endocom","poly."
"MLT","Malta And Gozo",NA,"egalnucl",0,1,1,0,0,0,1,0,1,0,0,0,1,0,0,1,0,0,0,1930.52631549784,1920,1933.33333333333,NA,NA,NA,NA,NA,NA,NA,NA,NA,NA,"nucl.","not ext.","not stem","not poly.","exo.","sym.","not asym.","egalnucl","egalnucl","mon."
"MMR","Burma","anomic","egalnucl",0,1,1,0,0,0,1,0,1,0,0,0,1,0,0,1,0,0,0,1944.52193475816,1940,1930.58823529412,NA,NA,NA,NA,NA,NA,NA,NA,NA,NA,"nucl.","not ext.","not stem","not poly.","exo.","sym.","not asym.","egalnucl","egalnucl","mon."
"MNE","Yugoslavia","exocom",NA,NA,NA,0,1,0,0,NA,NA,NA,NA,NA,NA,NA,NA,NA,NA,1,0,0,1947.40321474703,1940,1667.5,1,0,0,0,1,0,0,1,0,0,"not nucl.","ext.","not stem","not poly.","exo.","sym.","not asym.","exocom","exocom","mon."
"MNG","Mongolian People'S Republic","exocom",NA,0,1,0,0,1,0,1,0,1,0,1,0,0,1,0,0,0,0,0,1937.02092511013,1930,1927.5,1,0,0,0,1,0,0,1,0,0,"not nucl.","not ext.","stem","not poly.","exo.","sym.","not asym.",NA,NA,"mon."
"MOZ","Mozambique","african",NA,1,0,0,1,0,0,0,1,0,1,0,1,0,0,1,0,0,1,0,1908.89000401445,1920,1914.16666666667,0,0,0,1,1,0,0,0,0,0,"not nucl.","ext.","not stem","not poly.","endo.","not sym.","asym.",NA,"endocom","poly."
"MRT","Mauritania","endocom","endocom",1,0,0,1,0,0,1,0,1,0,1,0,0,1,0,0,1,0,0,1944.95168109523,1930,1930,1,0,0,0,0,1,0,1,0,0,"not nucl.","ext.","not stem","not poly.","endo.","sym.","not asym.","endocom","endocom","poly."
"MTQ","Martinique",NA,NA,NA,NA,NA,NA,NA,NA,NA,NA,NA,NA,NA,NA,NA,NA,NA,NA,NA,NA,NA,1930,1930,1930,NA,NA,NA,NA,NA,NA,NA,NA,NA,NA,NA,NA,NA,NA,NA,NA,NA,NA,NA,"mon."
"MUS","Mauritius Rodrigues",NA,NA,NA,NA,NA,NA,NA,NA,NA,NA,NA,NA,NA,NA,NA,NA,NA,NA,NA,NA,NA,1920,1920,1920,NA,NA,NA,NA,NA,NA,NA,NA,NA,NA,NA,NA,NA,NA,NA,NA,NA,NA,NA,"mon."
"MWI","Malawi","african",NA,1,0,0,0,0,1,0,1,0,1,0,1,0,0,1,0,0,1,0,1921.9567839196,1920,1929.09090909091,0,0,0,1,1,0,0,0,0,0,"not nucl.","not ext.","not stem","poly.","endo.","not sym.","asym.",NA,"african","poly."
"MYS","Malaysia","anomic","exocom",0,1,0,1,0,0,1,0,1,0,1,0,0,0,0,1,1,0,0,1933.78691983122,1940,1936.66666666667,NA,NA,NA,NA,NA,NA,NA,NA,NA,NA,"nucl.","not ext.","not stem","not poly.","endo.","sym.","not asym.","anomic","anomic","poly."
"NAM","Namibia","african","african",0,1,0,0,0,1,0,0,1,0,0,0,0,0,1,0,0,1,0,1896.73413160962,1910,1900,0,0,0,1,1,0,0,0,0,0,"not nucl.","not ext.","not stem","poly.","exo.","not sym.","not asym.","african","african","poly."
"NCL","New Caledonia","anomic","absnucl",0,1,1,0,0,0,0,1,1,0,1,0,0,0,0,1,0,0,0,1928.15789462827,1915,1898.33333333333,NA,NA,NA,NA,NA,NA,NA,NA,NA,NA,"nucl.","not ext.","not stem","not poly.","exo.","not sym.","asym.","absnucl","absnucl","mon."
"NER","Niger","african","exocom",1,1,0,1,0,0,1,0,1,0,1,0,0,1,0,0,1,0,0,1922.45108859235,1920,1917.69230769231,0,0,0,1,1,0,0,0,0,0,"not nucl.","ext.","not stem","not poly.","endo.","sym.","not asym.","endocom","endocom","poly."
"NFK","Norfolk",NA,"egalnucl",0,1,1,0,0,0,1,0,1,0,0,0,1,0,0,1,0,0,0,1920,1920,1920,NA,NA,NA,NA,NA,NA,NA,NA,NA,NA,"nucl.","not ext.","not stem","not poly.","exo.","sym.","not asym.","egalnucl","egalnucl","mon."
"NGA","Nigeria","african","exocom",0,1,0,1,0,0,1,0,1,0,1,0,0,1,0,0,1,0,0,1929.71512273967,1920,1922.72727272727,0,0,0,1,1,0,0,0,0,0,"not nucl.","ext.","not stem","not poly.","exo.","sym.","not asym.","exocom","exocom","poly."
"NIC","Nicaragua","egalnucl/anomic",NA,NA,NA,NA,NA,NA,NA,NA,NA,NA,NA,NA,NA,NA,NA,NA,NA,NA,NA,NA,1920,1920,1920,0,0,1,0,NA,NA,NA,NA,NA,NA,"nucl.","not ext.","not stem","not poly.",NA,NA,NA,"anomic","anomic","poly."
"NIU","Niue",NA,"anomic",0,1,1,0,0,0,NA,NA,1,0,NA,NA,NA,1,0,0,0,0,1,1840,1840,1840,NA,NA,NA,NA,NA,NA,NA,NA,NA,NA,"nucl.","not ext.","not stem","not poly.","exo.",NA,NA,"anomic","anomic","poly."
"NLD","Netherlands","absnucl","exocom",0,1,0,1,0,0,1,0,1,0,0,0,1,0,0,1,0,0,0,1943.77546405021,575,575,0,0,1,0,1,0,0,0,0,1,"nucl.","not ext.","not stem","not poly.","exo.","sym.","not asym.","egalnucl","egalnucl","mon."
"NOR","Norway","author",NA,NA,NA,NA,NA,NA,NA,NA,NA,NA,NA,NA,NA,NA,NA,NA,NA,NA,NA,NA,1950,1950,1950,0,1,0,0,1,0,0,0,1,0,"not nucl.","not ext.","stem","not poly.","exo.","not sym.","asym.","author","author","mon."
"NPL","Nepal","exocom",NA,0,1,NA,NA,NA,NA,NA,NA,NA,NA,NA,NA,NA,NA,NA,NA,1,0,0,1897.55244755245,1945,1930,1,0,0,0,1,0,0,1,0,0,"not nucl.","ext.","not stem","not poly.","exo.","sym.","not asym.","exocom","exocom","poly."
"NRU","Nauru",NA,NA,1,0,0,1,0,0,NA,NA,NA,NA,NA,NA,NA,NA,NA,NA,0,0,0,1900,1900,1900,NA,NA,NA,NA,NA,NA,NA,NA,NA,NA,"not nucl.","ext.","not stem","not poly.","endo.",NA,NA,NA,"endocom","poly."
"NZL","New Zealand","absnucl","egalnucl",0,1,1,1,0,0,1,0,1,0,1,0,1,1,0,1,0,0,1,1851.86547910164,1920,1712.14285714286,0,0,1,0,1,0,0,0,0,1,"nucl.","not ext.","not stem","not poly.","exo.","not sym.","not asym.","egalnucl","egalnucl","mon."
"OMN","Oman (Muscat And Oman)","endocom",NA,1,0,0,1,0,0,NA,NA,NA,NA,NA,NA,NA,NA,NA,NA,1,0,0,1950,1950,1950,1,0,0,0,0,1,0,1,0,0,"not nucl.","ext.","not stem","not poly.","endo.","sym.","not asym.","endocom","endocom","poly."
"PAK","Pakistan","endocom","exocom",0,1,0,1,0,0,1,0,1,0,1,0,0,1,0,0,0,0,0,1943.50978135788,1945,1933.33333333333,1,0,0,0,0,1,0,1,0,0,"not nucl.","ext.","not stem","not poly.","endo.","sym.","not asym.","endocom","endocom","poly."
"PAN","Panama","egalnucl/anomic",NA,NA,NA,0,1,0,0,NA,NA,NA,NA,NA,NA,NA,NA,NA,NA,0,0,0,1242.42857356347,1945,1942.5,0,0,1,0,NA,NA,NA,NA,NA,NA,"nucl.","not ext.","not stem","not poly.",NA,NA,NA,"anomic","anomic","poly."
"PER","Peru","egalnucl/anomic","exocom",0,1,0,1,0,0,1,0,1,0,1,0,0,1,0,0,1,0,0,1936.40243921238,1940,1895.71428571429,0,0,1,0,NA,NA,NA,NA,NA,NA,"nucl.","not ext.","not stem","not poly.","exo.","sym.","not asym.","egalnucl","egalnucl","mon."
"PHL","Philippines","anomic","anomic",0,1,1,0,0,0,NA,NA,NA,NA,NA,NA,NA,NA,NA,NA,0,0,0,1948.63829787234,1925,1930,NA,NA,NA,NA,NA,NA,NA,NA,NA,NA,"nucl.","not ext.","not stem","not poly.","exo.",NA,NA,"anomic","anomic","mon."
"PNG","Trust Territory Of New Guinea","anomic",NA,NA,NA,NA,NA,NA,NA,NA,NA,NA,NA,NA,NA,NA,NA,NA,NA,NA,NA,NA,1920,1920,1920,NA,NA,NA,NA,NA,NA,NA,NA,NA,NA,NA,NA,NA,NA,NA,NA,NA,NA,NA,"mon."
"POL","Poland","egalnucl",NA,NA,NA,NA,NA,NA,NA,NA,NA,NA,NA,NA,NA,NA,NA,NA,NA,NA,NA,NA,1651.99999850175,1920,1248.75,0,0,1,0,1,0,0,1,0,0,"nucl.","not ext.","not stem","not poly.","exo.","sym.","not asym.","egalnucl","egalnucl","mon."
"PRI","Puerto-Rico",NA,NA,NA,NA,NA,NA,NA,NA,NA,NA,NA,NA,NA,NA,NA,NA,NA,NA,NA,NA,NA,1920,1920,1920,NA,NA,NA,NA,NA,NA,NA,NA,NA,NA,NA,NA,NA,NA,NA,NA,NA,NA,NA,"mon."
"PRK","Korea","author","author",0,1,0,0,1,0,0,1,0,1,1,0,0,1,0,0,1,0,0,1949.98998998999,1945,1945,0,1,0,0,1,0,0,0,1,0,"not nucl.","not ext.","stem","not poly.","exo.","not sym.","asym.","author","author","mon."
"PRT","Portugal",NA,NA,0,1,0,0,1,0,NA,NA,NA,NA,NA,NA,NA,NA,NA,NA,0,0,0,1950,1950,1950,0,NA,NA,0,1,0,0,NA,NA,NA,"not nucl.","not ext.","stem","not poly.","exo.",NA,NA,NA,NA,"mon."
"PRY","Paraguay","egalnucl/anomic",NA,NA,NA,NA,NA,NA,NA,NA,NA,NA,NA,NA,NA,NA,NA,NA,NA,NA,NA,NA,1930.22727256816,1930,1925.71428571429,0,0,1,0,NA,NA,NA,NA,NA,NA,"nucl.","not ext.","not stem","not poly.",NA,NA,NA,"anomic","anomic","mon."
"PYF","French Polynesia",NA,"absnucl",0,1,1,0,0,0,0,1,NA,NA,1,0,0,1,0,0,0,0,1,1907.18749997885,1900,1914,NA,NA,NA,NA,NA,NA,NA,NA,NA,NA,"nucl.","not ext.","not stem","not poly.","exo.","not sym.","asym.","absnucl","absnucl","poly."
"QAT","Qatar","endocom","egalnucl",1,1,1,1,0,0,1,0,1,0,1,0,0,1,0,0,1,0,0,1950,1950,1950,1,0,0,0,0,1,0,1,0,0,"not nucl.","ext.","not stem","not poly.","endo.","sym.","not asym.","endocom","endocom","mon."
"ROU","Romania","egalnucl","anomic",0,1,1,0,0,0,NA,NA,NA,NA,NA,NA,NA,NA,NA,NA,0,0,0,1898.118667815,1940,1687.72727272727,0,0,1,0,1,0,0,1,0,0,"nucl.","not ext.","not stem","not poly.","exo.","sym.","not asym.","egalnucl","egalnucl","mon."
"RUS","Russia","exocom","anomic",NA,NA,1,0,0,0,0,0,NA,NA,0,0,0,NA,NA,NA,0,0,0,1953.00410313016,1920,1745.7,1,0,0,0,1,0,0,1,0,0,"not nucl.","ext.","not stem","not poly.","exo.","sym.","not asym.","exocom","exocom","mon."
"RWA","Rwanda","african","african",0,1,0,0,0,1,1,0,1,0,1,0,0,1,0,0,1,0,0,1910.02865622761,1910,1923.33333333333,0,0,0,1,1,0,0,0,0,0,"not nucl.","not ext.","not stem","poly.","exo.","sym.","not asym.","african","african","poly."
"SAU","Saudi Arabia","endocom",NA,NA,NA,0,1,0,0,NA,NA,NA,NA,NA,NA,NA,NA,NA,NA,1,0,0,1948.71520360047,1950,1944.44444444444,1,0,0,0,0,1,0,1,0,0,"not nucl.","ext.","not stem","not poly.","endo.","sym.","not asym.","endocom","endocom","poly."
"SDN","Sudan","endocom","exocom",0,1,0,1,0,0,1,0,1,0,1,0,0,1,0,0,1,0,0,1914.37324789748,1920,1918,1,0,0,0,0,1,0,1,0,0,"not nucl.","ext.","not stem","not poly.","exo.","sym.","not asym.","exocom","exocom","poly."
"SEN","Senegal","african","exocom",1,1,0,1,0,0,1,1,1,0,1,0,0,1,0,0,1,0,1,1937.41846153846,1930,1930,0,0,0,1,1,0,0,0,0,0,"not nucl.","ext.","not stem","not poly.","endo.","sym.","asym.","endocom","endocom","poly."
"SGP","Singapore","anomic","exocom",0,1,0,1,0,0,1,0,1,0,1,0,0,1,0,0,1,0,0,1920.23575638507,1940,1707.5,NA,NA,NA,NA,NA,NA,NA,NA,NA,NA,"not nucl.","ext.","not stem","not poly.","exo.","sym.","not asym.","exocom","exocom","poly."
"SHN","Saint Helena",NA,"egalnucl",0,1,1,0,0,0,1,0,1,0,0,0,1,0,0,1,0,0,0,1920,1920,1920,NA,NA,NA,NA,NA,NA,NA,NA,NA,NA,"nucl.","not ext.","not stem","not poly.","exo.","sym.","not asym.","egalnucl","egalnucl","mon."
"SLB","British Solomon Islands",NA,NA,0,1,0,1,0,0,NA,NA,NA,NA,NA,NA,NA,NA,NA,NA,0,1,0,1930,1930,1930,NA,NA,NA,NA,NA,NA,NA,NA,NA,NA,"not nucl.","ext.","not stem","not poly.","exo.",NA,NA,NA,NA,"poly."
"SLE","Sierra-Leone","african","exocom",1,1,0,1,0,0,1,1,1,0,1,0,0,1,0,0,1,0,0,1921.28492849285,1930,1920.90909090909,0,0,0,1,1,0,0,0,0,0,"not nucl.","ext.","not stem","not poly.","endo.","sym.","asym.","endocom","endocom","poly."
"SLV","El Salvador","egalnucl/anomic",NA,NA,NA,NA,NA,NA,NA,NA,NA,NA,NA,NA,NA,NA,NA,NA,NA,NA,NA,NA,1948,1948,1948,0,0,1,0,NA,NA,NA,NA,NA,NA,"nucl.","not ext.","not stem","not poly.",NA,NA,NA,"anomic","anomic","poly."
"SMR","San Marino","exocom","egalnucl",0,1,1,0,0,0,1,0,1,0,1,0,0,0,0,1,0,0,0,1960,1960,1960,1,0,0,0,1,0,0,1,0,0,"not nucl.","ext.","not stem","not poly.","exo.","sym.","not asym.","exocom","exocom","mon."
"SOM","Somali Republic","african","exocom",0,1,0,1,0,0,1,0,1,0,1,0,0,1,0,0,1,0,0,1950,1950,1950,0,0,0,1,1,0,0,0,0,0,"not nucl.","ext.","not stem","not poly.","exo.","sym.","not asym.","exocom","exocom","poly."
"SRB","Yugoslavia","exocom",NA,NA,NA,0,1,0,0,NA,NA,NA,NA,NA,NA,NA,NA,NA,NA,1,0,0,1947.40321474703,1940,1667.5,1,0,0,0,1,0,0,1,0,0,"not nucl.","ext.","not stem","not poly.","exo.","sym.","not asym.","exocom","exocom","mon."
"STP","S?O Tom? And Pr?Ncipe","african",NA,0,1,0,0,1,0,NA,NA,NA,NA,NA,NA,NA,NA,NA,NA,0,0,0,1950,1950,1950,0,0,0,1,1,0,0,0,0,0,"not nucl.","not ext.","stem","not poly.","exo.","not sym.","not asym.","author","author","mon."
"SUR","Dutch Guiana (Suriname)",NA,"absnucl",0,1,1,0,0,0,0,1,1,0,0,0,1,0,0,1,0,0,0,1946.28099157537,1935,1927.5,NA,NA,NA,NA,NA,NA,NA,NA,NA,NA,"nucl.","not ext.","not stem","not poly.","exo.","not sym.","asym.","absnucl","absnucl","poly."
"SVK","Czechoslovakia","exocom",NA,0,1,0,0,1,0,1,0,1,0,1,0,0,1,0,0,0,0,0,1934.77999663925,1940,1393,1,0,0,0,1,0,0,1,0,0,"not nucl.","ext.","not stem","not poly.","exo.","sym.","not asym.","exocom","exocom","mon."
"SVK","Czechoslovakia","exocom",NA,0,1,0,0,1,0,1,0,1,0,1,0,0,1,0,0,0,0,0,1934.77999663925,1940,1393,1,0,0,0,1,0,0,1,0,0,"not nucl.","ext.","not stem","not poly.","exo.","sym.","not asym.","exocom","exocom","mon."
"SVN","Yugoslavia","exocom",NA,NA,NA,0,1,0,0,NA,NA,NA,NA,NA,NA,NA,NA,NA,NA,1,0,0,1947.40321474703,1940,1667.5,1,0,0,0,1,0,0,1,0,0,"not nucl.","ext.","not stem","not poly.","exo.","sym.","not asym.","exocom","exocom","mon."
"SWE","Sweden","author",NA,NA,NA,NA,NA,NA,NA,NA,NA,NA,NA,NA,NA,NA,NA,NA,NA,NA,NA,NA,575,575,575,0,1,0,0,1,0,0,0,1,0,"not nucl.","not ext.","stem","not poly.","exo.","not sym.","asym.","author","author","mon."
"SWZ","Swaziland","african",NA,0,1,0,1,0,0,0,1,0,1,1,0,0,1,0,0,1,0,0,1874.82386772106,1880,1880,0,0,0,1,1,0,0,0,0,0,"not nucl.","ext.","not stem","not poly.","exo.","not sym.","asym.",NA,NA,"poly."
"SYR","Syrian Arab Republic","endocom","endocom",1,0,0,1,0,0,1,0,NA,NA,1,0,0,NA,NA,NA,1,0,0,1926.18126028147,1945,1662,1,0,0,0,0,1,0,1,0,0,"not nucl.","ext.","not stem","not poly.","endo.","sym.","not asym.","endocom","endocom","poly."
"TCD","Chad","african","african",0,1,0,0,0,1,1,1,0,0,1,0,0,1,0,0,1,0,0,1897.09664209664,1905,1906.66666666667,0,0,0,1,1,0,0,0,0,0,"not nucl.","not ext.","not stem","poly.","exo.","sym.","asym.","african","african","poly."
"TGO","Togo","african",NA,0,1,0,1,0,0,0,1,0,1,1,0,0,1,1,0,1,0,0,1916.97727746508,1930,1920,0,0,0,1,1,0,0,0,0,0,"not nucl.","ext.","not stem","not poly.","exo.","not sym.","asym.",NA,NA,"poly."
"THA","Thailand","anomic","egalnucl",0,1,1,0,0,0,1,0,1,0,0,0,1,0,0,1,0,0,0,1923.42936288089,1940,1878.36363636364,NA,NA,NA,NA,NA,NA,NA,NA,NA,NA,"nucl.","not ext.","not stem","not poly.","exo.","sym.","not asym.","egalnucl","egalnucl","poly."
"TJK","Tajikistan","exocom","endocom",1,0,0,1,0,0,0,0,NA,NA,0,0,0,NA,NA,NA,1,0,0,1514.72026431956,1910,1794.78571428571,1,0,0,0,1,0,0,1,0,0,"not nucl.","ext.","not stem","not poly.","endo.","not sym.","not asym.","endocom","endocom","poly."
"TKL","Tokelau",NA,NA,0,1,0,1,0,0,NA,NA,1,0,NA,NA,NA,0,0,1,0,0,1,1900,1900,1900,NA,NA,NA,NA,NA,NA,NA,NA,NA,NA,"not nucl.","ext.","not stem","not poly.","exo.",NA,NA,NA,NA,"poly."
"TKM","Turkmenistan","exocom","endocom",1,0,0,1,0,0,0,0,1,1,0,0,0,1,0,0,1,0,0,1768.56151174665,1910,1794.78571428571,1,0,0,0,1,0,0,1,0,0,"not nucl.","ext.","not stem","not poly.","endo.","not sym.","not asym.","endocom","endocom","poly."
"TLS","East Timor","anomic","endocom",1,0,0,1,0,0,0,0,NA,NA,0,0,0,NA,NA,NA,0,1,0,1949.76525821596,1950,1947.5,NA,NA,NA,NA,NA,NA,NA,NA,NA,NA,"not nucl.","ext.","not stem","not poly.","endo.","not sym.","not asym.","endocom","endocom","poly."
"TON","Tonga",NA,"anomic",0,1,1,0,0,0,NA,NA,NA,NA,1,0,0,NA,NA,NA,0,0,1,1850,1850,1850,NA,NA,NA,NA,NA,NA,NA,NA,NA,NA,"nucl.","not ext.","not stem","not poly.","exo.",NA,NA,"anomic","anomic","poly."
"TUN","Tunisia","endocom",NA,1,0,0,1,0,0,NA,NA,NA,NA,NA,NA,NA,NA,NA,NA,1,0,0,1928.364378401,1920,1906.66666666667,1,0,0,0,0,1,0,1,0,0,"not nucl.","ext.","not stem","not poly.","endo.","sym.","not asym.","endocom","endocom","poly."
"TUR","Turkey","endocom","exocom",0,1,0,1,0,0,1,0,1,0,1,0,0,1,0,0,1,0,0,1948.96907216495,1940,1758.75,1,0,0,0,0,1,0,1,0,0,"not nucl.","ext.","not stem","not poly.","endo.","sym.","not asym.","endocom","endocom","poly."
"TUR","Turkey","endocom","exocom",0,1,0,1,0,0,1,0,1,0,1,0,0,1,0,0,1,0,0,1948.96907216495,1940,1758.75,1,0,0,0,0,1,0,1,0,0,"not nucl.","ext.","not stem","not poly.","endo.","sym.","not asym.","endocom","endocom","poly."
"TUV","Gilbert And Ellice Islands",NA,NA,0,1,0,1,0,0,0,1,0,1,1,0,0,1,0,0,0,0,1,1890,1890,1890,NA,NA,NA,NA,NA,NA,NA,NA,NA,NA,"not nucl.","ext.","not stem","not poly.","exo.","not sym.","asym.",NA,NA,"poly."
"TZA","Tanzania","african","african",0,1,0,0,0,1,1,1,1,1,1,0,0,1,0,0,1,0,0,1923.28136679124,1920,1920.95238095238,0,0,0,1,1,0,0,0,0,0,"not nucl.","not ext.","not stem","poly.","exo.","sym.","asym.","african","african","poly."
"UGA","Uganda","african","african",0,1,0,0,0,1,0,1,1,1,1,0,0,1,0,0,1,0,0,1916.74574890541,1920,1924.58333333333,0,0,0,1,1,0,0,0,0,0,"not nucl.","not ext.","not stem","poly.","exo.","not sym.","asym.","african","african","poly."
"UKR","Ukraine","exocom","author",0,1,0,0,1,0,0,1,1,0,1,0,0,1,0,0,0,0,0,1933.78995573119,1910,1725.22222222222,1,0,0,0,1,0,0,1,0,0,"not nucl.","ext.","not stem","not poly.","exo.","sym.","not asym.","exocom","exocom","mon."
"URY","Uruguay","egalnucl","egalnucl",0,1,1,0,0,0,1,0,1,0,1,0,0,0,0,1,0,0,0,1405.9405831718,1940,1693.18181818182,0,0,1,0,1,0,0,1,0,0,"nucl.","not ext.","not stem","not poly.","exo.","sym.","not asym.","egalnucl","egalnucl","mon."
"USA","United States Of America","absnucl","egalnucl",0,1,1,0,0,0,1,0,1,0,0,0,1,0,0,1,0,0,0,1832.87577514026,1930,1861.75,0,0,1,0,1,0,0,0,0,1,"nucl.","not ext.","not stem","not poly.","exo.","sym.","not asym.","egalnucl","egalnucl","mon."
"UZB","Uzbekhistan","exocom","endocom",1,0,0,1,0,0,0,0,0,1,0,0,0,1,0,0,1,0,0,691.89695012004,1910,1794.78571428571,1,0,0,0,1,0,0,1,0,0,"not nucl.","ext.","not stem","not poly.","endo.","not sym.","not asym.","endocom","endocom","poly."
"VAT","Vatican","egalnucl","egalnucl",0,1,1,0,0,0,1,0,1,0,1,0,0,0,0,1,0,0,0,1960,1960,1960,0,0,1,0,1,0,0,1,0,0,"nucl.","not ext.","not stem","not poly.","exo.","sym.","not asym.","egalnucl","egalnucl","mon."
"VEN","Venezuela","egalnucl/anomic",NA,NA,NA,NA,NA,NA,NA,NA,NA,NA,NA,NA,NA,NA,NA,NA,NA,NA,NA,NA,1935.42496154616,1950,1918.75,0,0,1,0,NA,NA,NA,NA,NA,NA,"nucl.","not ext.","not stem","not poly.",NA,NA,NA,"anomic","anomic","mon."
"VNM","Vietnam","exocom","exocom",0,1,0,1,0,0,1,0,1,0,0,0,1,0,0,1,1,0,0,1938.1906779661,1940,1888.5,1,0,0,0,1,0,0,1,0,0,"not nucl.","ext.","not stem","not poly.","exo.","sym.","not asym.","exocom","exocom","poly."
"WLF","Wallis And Futuna",NA,"anomic",0,1,1,0,0,0,NA,NA,NA,NA,NA,NA,NA,NA,NA,NA,0,0,1,1833,1835,1835,NA,NA,NA,NA,NA,NA,NA,NA,NA,NA,"nucl.","not ext.","not stem","not poly.","exo.",NA,NA,"anomic","anomic","poly."
"WSM","Western Samoa",NA,NA,0,1,0,1,0,0,NA,NA,NA,NA,NA,NA,NA,NA,NA,NA,0,0,1,1920,1920,1920,NA,NA,NA,NA,NA,NA,NA,NA,NA,NA,"not nucl.","ext.","not stem","not poly.","exo.",NA,NA,NA,NA,"poly."
"YEM","Yemen","endocom",NA,NA,NA,0,1,0,0,NA,NA,NA,NA,NA,NA,NA,NA,NA,NA,1,0,0,1942.95989005942,1950,1444.54545454545,1,0,0,0,0,1,0,1,0,0,"not nucl.","ext.","not stem","not poly.","endo.","sym.","not asym.","endocom","endocom","poly."
"ZAF","South Africa",NA,"african",0,1,0,1,0,1,0,1,0,1,1,0,0,1,0,0,1,0,0,1860.30440823544,1880,1886,NA,NA,NA,NA,NA,NA,NA,NA,NA,NA,"not nucl.","ext.","not stem","poly.","exo.","not sym.","asym.","african","african","poly."
"ZMB","Zambia","african","african",1,1,0,0,0,1,0,1,0,1,0,1,0,0,1,0,0,1,0,1913.20990222592,1930,1921.57894736842,0,0,0,1,1,0,0,0,0,0,"not nucl.","not ext.","not stem","poly.","endo.","not sym.","asym.",NA,"african","poly."
"ZWE","Zimbabwe","african","african",0,1,0,0,0,1,0,1,0,1,1,0,0,1,0,0,0,0,0,1910.45939955672,1905,1901.42857142857,0,0,0,1,1,0,0,0,0,0,"not nucl.","not ext.","not stem","poly.","exo.","not sym.","asym.","african","african","poly."
"LUX","Luxembourg manual",NA,"egalnucl",NA,NA,NA,NA,NA,NA,NA,NA,NA,NA,NA,NA,NA,NA,NA,NA,NA,NA,NA,NA,NA,NA,0,NA,NA,0,1,0,0,0,NA,NA,"nucl.","not ext.","not stem","not poly.","exo.","not sym.","not asym.","egalnucl","egalnucl",NA
"DNK","Denmark manual","author",NA,NA,NA,NA,NA,NA,NA,NA,NA,NA,NA,NA,NA,NA,NA,NA,NA,NA,NA,NA,NA,NA,NA,0,1,0,0,1,0,0,0,1,0,"not nucl.","not ext.","stem","not poly.","exo.","not sym.","asym.","author","author",NA
"AND","Andorra manual","author",NA,NA,NA,NA,NA,NA,NA,NA,NA,NA,NA,NA,NA,NA,NA,NA,NA,NA,NA,NA,NA,NA,NA,0,1,0,0,1,0,0,0,1,0,"not nucl.","not ext.","stem","not poly.","exo.","not sym.","asym.","author","author",NA
